title,body
Russian dragonfly,Nam dui.
Prehensile-tailed porcupine,"Morbi porttitor lorem id ligula. Suspendisse ornare consequat lectus. In est risus, auctor sed, tristique in, tempus sit amet, sem."
Mara,Donec ut mauris eget massa tempor convallis.
"Tern, arctic",Mauris ullamcorper purus sit amet nulla.
Radiated tortoise,"Curabitur in libero ut massa volutpat convallis. Morbi odio odio, elementum eu, interdum eu, tincidunt in, leo. Maecenas pulvinar lobortis est."
African fish eagle,Fusce posuere felis sed lacus.
Nyala,Maecenas pulvinar lobortis est. Phasellus sit amet erat. Nulla tempus.
Grant's gazelle,"Donec vitae nisi. Nam ultrices, libero non mattis pulvinar, nulla pede ullamcorper augue, a suscipit nulla elit ac nulla."
Tawny eagle,In hac habitasse platea dictumst. Maecenas ut massa quis augue luctus tincidunt. Nulla mollis molestie lorem.
Huron,"Cum sociis natoque penatibus et magnis dis parturient montes, nascetur ridiculus mus. Vivamus vestibulum sagittis sapien. Cum sociis natoque penatibus et magnis dis parturient montes, nascetur ridiculus mus."
Least chipmunk,"Quisque arcu libero, rutrum ac, lobortis vel, dapibus at, diam. Nam tristique tortor eu pede."
"Moorhen, purple",Aliquam erat volutpat. In congue.
"Hoopoe, eurasian",Duis bibendum.
"Dove, rock","Morbi odio odio, elementum eu, interdum eu, tincidunt in, leo. Maecenas pulvinar lobortis est. Phasellus sit amet erat."
"Dove, galapagos","In hac habitasse platea dictumst. Aliquam augue quam, sollicitudin vitae, consectetuer eget, rutrum at, lorem. Integer tincidunt ante vel ipsum."
"Penguin, fairy",Nunc purus. Phasellus in felis.
"Fox, crab-eating",Morbi non quam nec dui luctus rutrum. Nulla tellus.
"Grenadier, common",Mauris lacinia sapien quis libero. Nullam sit amet turpis elementum ligula vehicula consequat.
Jabiru stork,Maecenas ut massa quis augue luctus tincidunt. Nulla mollis molestie lorem. Quisque ut erat.
Swamp deer,Etiam vel augue. Vestibulum rutrum rutrum neque. Aenean auctor gravida sem.
Great cormorant,In blandit ultrices enim.
Aardwolf,"Quisque erat eros, viverra eget, congue eget, semper rutrum, nulla. Nunc purus. Phasellus in felis."
"Pelican, australian","In sagittis dui vel nisl. Duis ac nibh. Fusce lacus purus, aliquet at, feugiat non, pretium quis, lectus."
"Grenadier, common",Fusce consequat.
"Sungazer, yellow-brown",Sed ante. Vivamus tortor.
Blackish oystercatcher,In hac habitasse platea dictumst. Etiam faucibus cursus urna. Ut tellus.
Black-tailed prairie dog,"Integer pede justo, lacinia eget, tincidunt eget, tempus vel, pede. Morbi porttitor lorem id ligula."
"Fox, silver-backed","Lorem ipsum dolor sit amet, consectetuer adipiscing elit. Proin interdum mauris non ligula pellentesque ultrices."
"Langur, gray",Curabitur convallis. Duis consequat dui nec nisi volutpat eleifend.
"Bunting, crested",Donec posuere metus vitae ipsum.
Black-backed magpie,Nullam varius.
Dark-winged trumpeter,Nullam sit amet turpis elementum ligula vehicula consequat.
Common brushtail possum,In eleifend quam a odio. In hac habitasse platea dictumst. Maecenas ut massa quis augue luctus tincidunt.
Cougar,"Nullam orci pede, venenatis non, sodales sed, tincidunt eu, felis. Fusce posuere felis sed lacus."
"Salmon, sockeye",Donec posuere metus vitae ipsum. Aliquam non mauris.
"Pelican, great white","Cras pellentesque volutpat dui. Maecenas tristique, est et tempus semper, est quam pharetra magna, ac consequat metus sapien ut nunc. Vestibulum ante ipsum primis in faucibus orci luctus et ultrices posuere cubilia Curae; Mauris viverra diam vitae quam."
"Crane, sarus",In sagittis dui vel nisl.
"Cat, ringtail","Nulla neque libero, convallis eget, eleifend luctus, ultricies eu, nibh. Quisque id justo sit amet sapien dignissim vestibulum."
American racer,Nullam sit amet turpis elementum ligula vehicula consequat. Morbi a ipsum.
Hanuman langur,Aliquam erat volutpat.
"Stork, european",Praesent lectus.
Glossy starling (unidentified),"Lorem ipsum dolor sit amet, consectetuer adipiscing elit. Proin interdum mauris non ligula pellentesque ultrices."
"Monkey, red howler","Aliquam sit amet diam in magna bibendum imperdiet. Nullam orci pede, venenatis non, sodales sed, tincidunt eu, felis. Fusce posuere felis sed lacus."
Columbian rainbow boa,Maecenas tincidunt lacus at velit. Vivamus vel nulla eget eros elementum pellentesque. Quisque porta volutpat erat.
"Waterbuck, defassa",Nam dui.
"Ibis, sacred",Mauris sit amet eros. Suspendisse accumsan tortor quis turpis.
European spoonbill,Vestibulum ante ipsum primis in faucibus orci luctus et ultrices posuere cubilia Curae; Duis faucibus accumsan odio.
Common duiker,"In hac habitasse platea dictumst. Aliquam augue quam, sollicitudin vitae, consectetuer eget, rutrum at, lorem. Integer tincidunt ante vel ipsum."
Pallas's fish eagle,In eleifend quam a odio.
African skink,Nullam molestie nibh in lectus. Pellentesque at nulla.
Rock dove,Aenean fermentum.
"Bird, red-billed tropic","Integer aliquet, massa id lobortis convallis, tortor risus dapibus augue, vel accumsan tellus nisi eu orci."
"Penguin, galapagos",Mauris lacinia sapien quis libero. Nullam sit amet turpis elementum ligula vehicula consequat.
"Dove, mourning collared",Suspendisse potenti.
Coqui francolin,Aenean fermentum. Donec ut mauris eget massa tempor convallis.
Common long-nosed armadillo,"Vestibulum ante ipsum primis in faucibus orci luctus et ultrices posuere cubilia Curae; Nulla dapibus dolor vel est. Donec odio justo, sollicitudin ut, suscipit a, feugiat et, eros."
"Bat, little brown",Nullam molestie nibh in lectus. Pellentesque at nulla. Suspendisse potenti.
"Cat, european wild",Nulla tempus. Vivamus in felis eu sapien cursus vestibulum.
"Dik, kirk's dik",Fusce posuere felis sed lacus.
California sea lion,Vivamus in felis eu sapien cursus vestibulum.
"Gull, silver",Aenean auctor gravida sem.
Great cormorant,Duis bibendum.
"Goose, spur-winged","Donec vitae nisi. Nam ultrices, libero non mattis pulvinar, nulla pede ullamcorper augue, a suscipit nulla elit ac nulla. Sed vel enim sit amet nunc viverra dapibus."
"Baboon, chacma",Nulla nisl. Nunc nisl.
"Nutcracker, clark's",Cras non velit nec nisi vulputate nonummy.
Eurasian badger,"Curabitur at ipsum ac tellus semper interdum. Mauris ullamcorper purus sit amet nulla. Quisque arcu libero, rutrum ac, lobortis vel, dapibus at, diam."
"Monitor, white-throated","In sagittis dui vel nisl. Duis ac nibh. Fusce lacus purus, aliquet at, feugiat non, pretium quis, lectus."
Arboral spiny rat,In quis justo. Maecenas rhoncus aliquam lacus. Morbi quis tortor id nulla ultrices aliquet.
Miner's cat,Nulla suscipit ligula in lacus.
Brown brocket,"Nulla ac enim. In tempor, turpis nec euismod scelerisque, quam turpis adipiscing lorem, vitae mattis nibh ligula nec sem."
Rhesus monkey,"Nulla neque libero, convallis eget, eleifend luctus, ultricies eu, nibh. Quisque id justo sit amet sapien dignissim vestibulum."
Mara,Morbi porttitor lorem id ligula. Suspendisse ornare consequat lectus.
Bengal vulture,Suspendisse potenti. In eleifend quam a odio. In hac habitasse platea dictumst.
Dassie,Mauris lacinia sapien quis libero.
"Frogmouth, tawny",Phasellus in felis. Donec semper sapien a libero.
Swallow-tail gull,Morbi ut odio.
Australian pelican,Fusce posuere felis sed lacus.
Sacred ibis,Suspendisse accumsan tortor quis turpis. Sed ante.
"Crow, american",Nullam molestie nibh in lectus.
"Owl, snowy",Pellentesque at nulla.
Sambar,Suspendisse potenti.
"Bee-eater, carmine","Quisque arcu libero, rutrum ac, lobortis vel, dapibus at, diam."
"Bear, polar",Phasellus in felis.
"Monkey, black spider","Vestibulum quam sapien, varius ut, blandit non, interdum in, ante. Vestibulum ante ipsum primis in faucibus orci luctus et ultrices posuere cubilia Curae; Duis faucibus accumsan odio. Curabitur convallis."
"Fox, crab-eating",Vestibulum ante ipsum primis in faucibus orci luctus et ultrices posuere cubilia Curae; Duis faucibus accumsan odio. Curabitur convallis. Duis consequat dui nec nisi volutpat eleifend.
Emerald green tree boa,Vestibulum rutrum rutrum neque. Aenean auctor gravida sem. Praesent id massa id nisl venenatis lacinia.
Yellow-billed hornbill,Donec vitae nisi.
"Gazelle, grant's","In hac habitasse platea dictumst. Morbi vestibulum, velit id pretium iaculis, diam erat fermentum justo, nec condimentum neque sapien placerat ante. Nulla justo."
"Egret, great",Suspendisse ornare consequat lectus.
"Hyena, striped","Donec odio justo, sollicitudin ut, suscipit a, feugiat et, eros."
Asiatic jackal,"Curabitur in libero ut massa volutpat convallis. Morbi odio odio, elementum eu, interdum eu, tincidunt in, leo. Maecenas pulvinar lobortis est."
White-faced whistling duck,Donec quis orci eget orci vehicula condimentum. Curabitur in libero ut massa volutpat convallis.
Common nighthawk,Duis aliquam convallis nunc. Proin at turpis a pede posuere nonummy. Integer non velit.
Python (unidentified),Morbi non quam nec dui luctus rutrum. Nulla tellus.
"Raven, white-necked","Curabitur in libero ut massa volutpat convallis. Morbi odio odio, elementum eu, interdum eu, tincidunt in, leo."
Hippopotamus,Nullam sit amet turpis elementum ligula vehicula consequat.
"Bird, black-throated butcher",Suspendisse potenti. Nullam porttitor lacus at turpis.
"Waterbuck, defassa",Mauris lacinia sapien quis libero. Nullam sit amet turpis elementum ligula vehicula consequat. Morbi a ipsum.
Greater rhea,"Morbi porttitor lorem id ligula. Suspendisse ornare consequat lectus. In est risus, auctor sed, tristique in, tempus sit amet, sem."
Red hartebeest,"In hac habitasse platea dictumst. Morbi vestibulum, velit id pretium iaculis, diam erat fermentum justo, nec condimentum neque sapien placerat ante. Nulla justo."
